[
    {
        "email": "taro.suzuki@ait.jp",
        "first_name": "Taro",
        "last_name": "Suzuki"
    },
    {
        "email": "jiro.tanaka@ait.jp",
        "first_name": "Jiro",
        "last_name": "Tanaka"
    },
    {
        "email": "saburo.suzuki@ait.jp",
        "first_name": "Saburo",
        "last_name": "Suzuki"
    },
    {
        "email": "jetcitypeople@jet.city",
        "first_name": "Karuma",
        "last_name": "Ryofu"
    },
    {
        "email": "rin@rin.ne",
        "first_name": "Ne",
        "last_name": "Rin"
    }
]